section,key,value,severity,reference
scores,problem_resonance,4.0,,
scores,solution_attractiveness,3.0,,
scores,willingness_to_pay,3.5,,
trigger_cluster,clear time savings,2 personas (100.0%),,"su_0009,su_0001"
objection_cluster,uncertain ROI,2 personas (100.0%),,"su_0009,su_0001"
segment_summary,mainstream,"problem=4.0, solution=3.0, wtp=3.5",,
risk_map,privacy_risk,"The concept appears to depend on personal or workflow data, so trust language and data-minimisation choices will materially affect adoption.",medium,
assumption_risk_map,Solution story may still be too abstract,The proposed workflow benefit still looks conditional on execution details that the current pitch does not yet prove.,medium,"raw_responses,summary"
assumption_risk_map,Messaging still leans on implied ROI,The strongest objection cluster suggests the concept still lacks concrete proof of measurable payoff.,high,"raw_responses,objection_clusters"
planner,step_1,Day 1: Rewrite the landing page headline around the most concrete workflow outcome rather than broad AI promise.,,
planner,step_2,Day 2: Interview 3 target users about current follow-up and coordination workarounds before showing the solution.,,
planner,step_3,Day 3: Show a low-fidelity concierge workflow and ask what data they would or would not share.,,
planner,step_4,Day 3b: Validate a minimum-data experience and document which requested fields feel excessive.,,
planner,step_5,Day 4: Test one pricing anchor with a trial-first option and capture resistance in plain language.,,
planner,step_6,Day 5: Compare reactions between one likely early adopter and one skeptical buyer in the same target segment.,,
planner,step_7,Day 6: Rewrite copy using the top objection and top trigger found in this run.,,
planner,step_8,"Day 7: Decide whether to narrow the target workflow, change the proof requirement, or delay pricing pressure.",,
